{
  "name": "璐娜的 GIF 動畫製作器",
  "version": "1.1.0",
  "buildDate": "2025-09-08T03:07:52.942Z",
  "description": "Windows 離線桌面 GIF 動畫製作應用程式",
  "author": "Luna Animation Team",
  "features": [
    "40+ 種形狀選擇",
    "8 種動畫效果",
    "獨立顏色控制",
    "透明背景支援",
    "內建 FFmpeg",
    "高品質輸出"
  ],
  "systemRequirements": {
    "os": "Windows 10+",
    "nodejs": "16.0+",
    "ram": "4GB (推薦 8GB)",
    "storage": "500MB"
  }
}